{
  "collection_date": "2025-04-03T20:10:06.858020",
  "fx_volatility": {
    "KR": 8.0,
    "JP": 7.5,
    "CN": 3.0,
    "IN": 6.0,
    "TH": 5.0,
    "VN": 4.5,
    "TW": 4.0,
    "EU": 6.5,
    "MX": 10.0
  },
  "inflation_rates": {
    "KR": 2.5,
    "JP": 1.0,
    "CN": 2.8,
    "IN": 4.5,
    "TH": 2.0,
    "VN": 3.5,
    "TW": 1.8,
    "EU": 2.2,
    "MX": 4.0
  },
  "fx_inflation_risk_index": {
    "KR": 10.5,
    "JP": 8.5,
    "CN": 5.8,
    "IN": 10.5,
    "TH": 7.0,
    "VN": 8.0,
    "TW": 5.8,
    "EU": 8.7,
    "MX": 14.0
  }
}