{
  "KR": {
    "agreement": "한-미 FTA",
    "benefit_description": "대부분의 자동차 부품에 대해 관세 면제",
    "benefit_percentage": 100.0
  },
  "JP": {
    "agreement": "일반 관세",
    "benefit_description": "무역 협정 혜택 없음",
    "benefit_percentage": 0.0
  },
  "CN": {
    "agreement": "추가 관세 부과",
    "benefit_description": "트럼프 행정부의 추가 관세 25% 부과",
    "benefit_percentage": -25.0
  },
  "IN": {
    "agreement": "일반 관세",
    "benefit_description": "무역 협정 혜택 없음",
    "benefit_percentage": 0.0
  },
  "TH": {
    "agreement": "일반 관세",
    "benefit_description": "무역 협정 혜택 없음",
    "benefit_percentage": 0.0
  },
  "VN": {
    "agreement": "일반 관세",
    "benefit_description": "무역 협정 혜택 없음",
    "benefit_percentage": 0.0
  },
  "TW": {
    "agreement": "일반 관세",
    "benefit_description": "무역 협정 혜택 없음",
    "benefit_percentage": 0.0
  },
  "EU": {
    "agreement": "미-EU 무역협정",
    "benefit_description": "대부분의 자동차 부품에 대해 관세 면제",
    "benefit_percentage": 100.0
  },
  "MX": {
    "agreement": "USMCA",
    "benefit_description": "대부분의 자동차 부품에 대해 관세 면제",
    "benefit_percentage": 100.0
  }
}