{
  "last_updated": "2025-04-03 21:57:13",
  "tariff_summary": {},
  "export_price_indices": {
    "8501.31": {
      "product_description": "DC 모터, 출력 750W 이하",
      "base_country": "KR",
      "calculation_date": "2025-04-03",
      "indices": {
        "KR": 100.0,
        "JP": 135.46365039168077,
        "CN": 108.53648613363436,
        "IN": 96.15216015663496,
        "TH": 89.36154755738184,
        "VN": 88.01485312175947,
        "TW": 102.02495576469263,
        "EU": 129.38107754361963,
        "MX": 76.35070802164043
      }
    },
    "8414.59": {
      "product_description": "팬, 블로워 등",
      "base_country": "KR",
      "calculation_date": "2025-04-03",
      "indices": {
        "KR": 100.0,
        "JP": 135.33865039168077,
        "CN": 108.4739861336344,
        "IN": 96.10216015663497,
        "TH": 89.31154755738181,
        "VN": 87.96485312175946,
        "TW": 101.89995576469263,
        "EU": 129.38107754361963,
        "MX": 76.35070802164043
      }
    }
  }
}