{
  "8501.31": {
    "most_common_rate": null,
    "all_rates": [],
    "context_summary": "MOTOR (BARE & FAN ) 기준 국가간 관세율(상호관세 4/9일부터 적용)\n▶ BARE & FLANGE MOTOR (8501.31) 기준(미국HSCODE : 8501.30-6000) \n▶ FAN MOTOR (8414.59) 기준 (미국HSCODE : 8414.59-6595) \n-중국은 보복관세가"
  },
  "8414.59": {
    "most_common_rate": null,
    "all_rates": [],
    "context_summary": "준 국가간 관세율(상호관세 4/9일부터 적용)\n▶ BARE & FLANGE MOTOR (8501.31) 기준(미국HSCODE : 8501.30-6000) \n▶ FAN MOTOR (8414.59) 기준 (미국HSCODE : 8414.59-6595) \n-중국은 보복관세가 많아 합산여부는 추가 확인중\n-중국은 보복관세가 많아 합산여부는 추가 확인중\n34 \n8408.20.20 8409.91.1040 8409.99.1040\n8413.30.10 8413.30.90 8413.91.10\n8413.91.9010 8414.30.8030 8414.59.30\n8414.59.6540 8414.80.05 8415.20.00\n8421.23.00 8421.32.00 8425.49.00\n8426.91.00 8431.10.00"
  }
}