{
  "last_updated": "2025-04-03",
  "title": "미국 관세 정책 최신 업데이트",
  "summary": "트럼프 행정부의 최신 관세 정책 변화와 자동차 부품 수출에 미치는 영향",
  "key_points": [
    "2025년 4월 9일부터 새로운 상호관세 정책 적용",
    "중국 수입품에 대한 추가 25% 관세 부과",
    "한국, EU, 멕시코는 무역협정으로 관세 혜택 유지",
    "DC 모터(HS 8501.31)와 팬 모터(HS 8414.59)에 대한 국가별 차등 관세율 적용"
  ],
  "affected_countries": {
    "KR": {
      "name": "대한민국",
      "impact": "한-미 FTA로 인해 관세 면제 유지, 경쟁력 우수",
      "key_changes": "변동 없음 (0% 관세율 유지)"
    },
    "JP": {
      "name": "일본",
      "impact": "기본 관세율 적용으로 중간 수준의 경쟁력",
      "key_changes": "변동 없음 (2.3~2.8% 관세율 유지)"
    },
    "CN": {
      "name": "중국",
      "impact": "추가 관세로 인해 경쟁력 크게 약화",
      "key_changes": "25% 추가 관세 적용으로 총 27.3~27.5% 관세율"
    },
    "EU": {
      "name": "유럽연합",
      "impact": "미-EU 무역협정으로 관세 혜택 유지",
      "key_changes": "변동 없음 (0% 관세율 유지)"
    },
    "MX": {
      "name": "멕시코",
      "impact": "USMCA로 인해 관세 면제 유지, 경쟁력 우수",
      "key_changes": "변동 없음 (0% 관세율 유지)"
    }
  },
  "hs_codes": {
    "8501.31": {
      "description": "DC 모터, 출력 750W 이하",
      "us_hscode": "8501.30-6000",
      "key_changes": "중국산 제품에 대해 27.5% 관세율 적용 (기본 2.5% + 추가 25%)"
    },
    "8414.59": {
      "description": "팬, 블로워 등",
      "us_hscode": "8414.59-6595",
      "key_changes": "중국산 제품에 대해 27.3% 관세율 적용 (기본 2.3% + 추가 25%)"
    }
  },
  "report_excerpt": "# 미국 관세 정책 분석 보고서\n생성일: 2025-04-03 21:52:56\n\n## 1. 개요\n이 보고서는 제공된 문서와 백악관 정보를 바탕으로 미국의 최신 관세 정책을 분석한 결과입니다.\n\n## 2. 주요 관세 정책\n### 중국 수입품에 대한 추가 관세\n- 설명: 트럼프 행정부는 중국 수입품에 대해 기존 관세에 추가로 25%의 관세를 부과하기로 결정했습니다.\n- 발효일: 2025-01-01\n- 영향 국가: 중국(CN)\n\n### 자동차 및 자동차 부품에 대한 관세\n- 설명: 자동차 및 자동차 부품에 대해 국가별로 차등화된 관세율을 적용합니다. 한국, EU, 멕시코는 무역협정으로 인해 관세 혜택을 받습니다.\n- 발효일: 2025-02-15\n- 영향 국가: 일본(JP), 중국(CN), 인도(IN), 태국(TH), 베트남(VN), 대만(TW)\n\n### 전기 모터 및 부품에 대한 관세 정책\n- 설명: 전기 모터(HS 8501.31) 및 팬, 블로워(HS 8414.59)에 대한 특별 관세 정..."
}