{
  "collection_date": "2025-04-03T20:10:06.847283",
  "updates": [
    {
      "title": "미국, 외국산 자동차 및 자동차 부품에 25% 관세 부과 발표",
      "date": "2025-03-26",
      "summary": "트럼프 대통령은 포고문을 통해 외국산 자동차 및 자동차 부품 수입에 25% 관세 부과를 발표했습니다. 이 조치는 미국 내 자동차 제조업 활성화를 위한 것으로, 멕시코와 캐나다는 USMCA 협정에 따라 일부 면제됩니다.",
      "affected_hs_codes": [
        "87",
        "8708"
      ],
      "effective_date": "2025-04-03",
      "source": "KOTRA"
    },
    {
      "title": "미국, 중국산 전기차 배터리에 추가 관세 검토 중",
      "date": "2025-03-15",
      "summary": "미국 무역대표부(USTR)는 중국산 전기차 배터리 및 관련 부품에 대한 추가 관세 부과를 검토 중입니다. 이는 미국 내 배터리 생산 촉진과 중국 의존도 감소를 위한 조치로 알려졌습니다.",
      "affected_hs_codes": [
        "8507"
      ],
      "effective_date": "미정",
      "source": "USTR"
    },
    {
      "title": "한-미 FTA 자동차 부품 원산지 규정 개정 논의",
      "date": "2025-03-10",
      "summary": "한국과 미국은 자동차 부품의 원산지 규정 개정에 대한 논의를 진행 중입니다. 이는 전기차 전환에 따른 부품 구성 변화를 반영하기 위한 것으로, 배터리 및 전기 모터 관련 부품의 원산지 기준이 주요 논의 대상입니다.",
      "affected_hs_codes": [
        "8708",
        "8507",
        "8501"
      ],
      "effective_date": "미정",
      "source": "산업통상자원부"
    },
    {
      "title": "미국, 일본과의 자동차 무역 불균형 해소 위한 협상 예정",
      "date": "2025-03-05",
      "summary": "미국과 일본은 자동차 무역 불균형 해소를 위한 양자 협상을 4월 중 개최할 예정입니다. 미국은 일본 자동차 시장 개방 확대와 미국산 자동차 부품 구매 확대를 요구할 것으로 예상됩니다.",
      "affected_hs_codes": [
        "8703",
        "8708"
      ],
      "effective_date": "미정",
      "source": "USTR"
    },
    {
      "title": "미국, 유럽연합 자동차에 대한 관세 면제 연장 검토",
      "date": "2025-02-28",
      "summary": "미국은 유럽연합 자동차에 대한 관세 면제 연장을 검토 중입니다. 이는 양측 간 진행 중인 무역 협상의 일환으로, 미국의 철강 및 알루미늄 관세와 연계될 가능성이 있습니다.",
      "affected_hs_codes": [
        "8703",
        "8708"
      ],
      "effective_date": "미정",
      "source": "USTR"
    }
  ]
}