HS_Code,Product_Description,Country_Code,Country_Name,Tariff_Rate,Effective_Date,Notes
8501.31,"DC 모터, 출력 750W 이하",KR,대한민국,0.0,2025-04-09,
8501.31,"DC 모터, 출력 750W 이하",JP,일본,2.8,2025-04-09,
8501.31,"DC 모터, 출력 750W 이하",CN,중국,27.5,2025-04-09,트럼프 행정부 관세 정책 반영
8501.31,"DC 모터, 출력 750W 이하",IN,인도,2.5,2025-04-09,
8501.31,"DC 모터, 출력 750W 이하",TH,태국,2.5,2025-04-09,
8501.31,"DC 모터, 출력 750W 이하",VN,베트남,2.5,2025-04-09,
8501.31,"DC 모터, 출력 750W 이하",TW,대만,2.8,2025-04-09,
8501.31,"DC 모터, 출력 750W 이하",EU,유럽연합,0.0,2025-04-09,
8501.31,"DC 모터, 출력 750W 이하",MX,멕시코,0.0,2025-04-09,
8414.59,"팬, 블로워 등",KR,대한민국,0.0,2025-04-09,
8414.59,"팬, 블로워 등",JP,일본,2.3,2025-04-09,
8414.59,"팬, 블로워 등",CN,중국,27.3,2025-04-09,트럼프 행정부 관세 정책 반영
8414.59,"팬, 블로워 등",IN,인도,2.3,2025-04-09,
8414.59,"팬, 블로워 등",TH,태국,2.3,2025-04-09,
8414.59,"팬, 블로워 등",VN,베트남,2.3,2025-04-09,
8414.59,"팬, 블로워 등",TW,대만,2.3,2025-04-09,
8414.59,"팬, 블로워 등",EU,유럽연합,0.0,2025-04-09,
8414.59,"팬, 블로워 등",MX,멕시코,0.0,2025-04-09,
